ChildCollection,ParentCollection
CLEAR AND COLORFUL,Clear & Colorful
COLORS,Clear & Colorful
GARDEN PARTY,Patterns & Floral
ON TREND,Patterns & Floral
ON THE WATER,Sun & Outdoors
SUN & SURF,Sun & Outdoors
30A,Brands
AIR FORCE,Brands
AMERICAN PRIDE,Brands
ARMY,Brands
CELEBRATE LIFE,Brands
COAST GUARD,Brands
COKE,Brands
COTON COLORS,Brands
DISNEY,Brands
DR SEUSS,Brands
ETTA VEE,Brands
FIESTA,Brands
FISH HIPPIE,Brands
GUY HARVEY,Brands
HBO,Brands
IVORY ELLA,Brands
JEEP,Brands
JUST GUYS,Brands
KELLY VENTURA,Brands
LFLM,Brands
LIFE IS GOOD,Brands
MARGARITAVILLE,Brands
MARINES,Brands
MARVEL,Brands
MOTE MARINE,Brands
NAVY,Brands
NICKELODEON,Brands
PEANUTS,Brands
REALTREE,Brands
SALT LIFE,Brands
SIMPLY SOUTHERN,Brands
UNIVERSAL STUDIOS,Brands
WARNER BROTHERS,Brands
YAO CHENG,Brands
PETS,Special Occasions
TOTALLY KIDS,Special Occasions
NFL,NFL
COLLEGIATE,Collegiate
MLB,MLB
ACCESSORIES,Accessories
ACCESSORY,Accessories
HANDLES,Accessories
LIDS,Accessories
STRAWS,Accessories
